DATE,PERMNO,SHROUT,RET,vwretd
19260130,10479,450,0.013333,0.000724
19260227,10479,450,0.024671,-0.033374
19260331,10479,450,-0.104334,-0.064341
19260430,10479,450,0.007299,0.038358
19260528,10479,450,0.007246,0.012172
19260630,10479,450,0.028777,0.056888
19260731,10479,450,-0.014235,0.028365
19260831,10479,450,0.068592,0.028065
19260930,10479,450,0.065878,0.005890
19261030,10479,450,-0.040258,-0.031066
19261130,10479,450,0.135906,0.027547
19261231,10479,450,-0.022157,0.030466
19270131,10479,450,0.006135,0.001449
19270228,10479,450,0.042683,0.045821
19270331,10479,450,-0.011696,0.006245
19270430,10479,450,0.051051,0.006638
19270531,10479,450,0.085714,0.056948
19270630,10479,450,-0.068421,-0.020372
19270730,10479,450,0.008596,0.075659
19270831,10479,450,0.032670,0.027050
19270930,10479,450,0.037139,0.049025
19271031,10479,450,-0.247312,-0.041894
19271130,10479,450,0.028571,0.068685
19271231,10479,450,0.093750,0.023658
19280131,10479,450,-0.058065,-0.003541
19280229,10479,450,-0.154110,-0.014416
19280331,10479,450,0.149798,0.090905
19280430,10479,450,-0.028169,0.043168
19280531,10479,450,0.054348,0.018386
19280630,10479,450,-0.017182,-0.045334
19280731,10479,450,-0.020979,0.010074
19280831,10479,450,0.021429,0.069607
19280929,10479,450,0.024476,0.031445
19281031,10479,450,-0.017065,0.018801
19281130,10479,450,0.295139,0.121287
19281231,10479,450,-0.061662,0.005262
19290131,10479,450,0.035714,0.052099
19290228,10479,450,-0.062069,-0.000190
19290328,10479,450,-0.120588,-0.007971
19290430,10479,450,0.075251,0.016786
19290531,10479,450,0.004666,-0.059109
19290629,10479,450,-0.029412,0.099650
19290731,10479,450,0.085900,0.045348
19290830,10479,450,-0.062687,0.085580
19290930,10479,450,-0.003185,-0.050009
19291031,10479,450,-0.094156,-0.195499
19291127,10479,450,-0.136201,-0.123267
19291231,10479,450,0.024896,0.017974
19300131,10479,450,0.074380,0.056640
19300228,10479,450,-0.046154,0.027701
19300331,10479,450,0.104839,0.075027
19300430,10479,450,-0.076208,-0.020885
19300529,10479,450,,-0.013252
19300630,10479,450,-0.199195,-0.157873
19300731,10479,450,0.095361,0.039659
19300829,10479,450,0.007059,0.004120
19300930,10479,450,-0.219626,-0.124009
19301031,10479,450,0.086420,-0.086989
19301129,10479,450,0.147727,-0.025990
19301231,10479,450,-0.148515,-0.078419
19310131,10479,450,0.130240,0.062534
19310228,10479,450,0.184106,0.109401
19310331,10479,450,-0.029083,-0.064041
19310430,10479,450,-0.084906,-0.098484
19310529,10479,450,-0.069588,-0.132915
19310630,10479,450,0.202216,0.137961
19310731,10479,450,0.037736,-0.065034
19310831,10479,450,0.000000,0.002348
19310930,10479,450,-0.250000,-0.290070
19311031,10479,450,0.056250,0.079160
19311130,10479,450,0.041420,-0.088776
19311231,10479,450,-0.142045,-0.133406
19320130,10479,450,-0.342466,-0.010780
19320229,10479,450,0.041667,0.056004
19320331,10479,450,-0.130000,-0.108741
19320430,10479,450,-0.150602,-0.179220
19320531,10479,450,-0.148936,-0.207520
19320630,10479,450,0.125000,-0.005089
19320730,10479,450,0.328244,0.337451
19320831,10479,450,0.379310,0.366025
19320930,10479,450,-0.133333,-0.030885
19321031,10479,450,-0.176471,-0.131180
19321130,10479,450,0.071429,-0.055696
19321231,10479,450,0.000000,0.045762
19330131,10479,450,0.204545,0.009781
19330228,10479,450,-0.056604,-0.150298
19330331,10479,450,0.400000,0.033990
19330429,10479,450,0.474638,0.383683
19330531,10479,450,0.159705,0.211855
19330630,10479,450,0.101695,0.134354
19330731,10479,450,-0.124031,-0.096081
19330831,10479,450,0.137168,0.121270
19330930,10479,450,-0.027237,-0.104652
19331031,10479,450,-0.179435,-0.083225
19331129,10479,450,0.051597,0.099908
19331230,10479,450,-0.093458,0.019984
19340131,10479,450,0.145833,0.129779
19340228,10479,450,-0.031818,-0.023275
19340331,10479,450,-0.014085,0.004782
19340430,10479,450,-0.062500,-0.017934
19340531,10479,450,0.138462,-0.070987
19340630,10479,450,0.183559,0.025152
19340731,10479,450,-0.018217,-0.108241
19340831,10479,450,0.046875,0.059615
19340929,10479,450,-0.022388,-0.002997
19341031,10479,450,-0.098077,-0.019316
19341130,10479,450,0.091684,0.084073
19341231,10479,450,0.033203,0.003899
19350131,10479,450,-0.070476,-0.032808
19350228,10479,450,0.106557,-0.018599
19350330,10479,450,-0.170370,-0.037041
19350430,10479,450,0.130631,0.089162
19350531,10479,450,-0.059761,0.034776
19350629,10479,450,0.004237,0.055268
19350731,10479,450,-0.080851,0.073647
19350831,10479,450,0.002315,0.026128
19350930,10479,450,-0.016166,0.025872
19351031,10479,450,0.007109,0.071339
19351130,10479,450,-0.009412,0.051857
19351231,10479,450,0.035629,0.046096
19360131,10479,450,0.053241,0.066080
19360229,10479,450,0.002198,0.025699
19360331,10479,450,-0.061404,0.009417
19360430,10479,450,-0.056604,-0.080497
19360529,10479,450,0.110000,0.050286
19360630,10479,450,0.006757,0.025993
19360731,10479,450,-0.033860,0.064638
19360831,10479,450,0.177570,0.010813
19360930,10479,450,-0.117063,0.014343
19361031,10479,450,-0.011338,0.069087
19361130,10479,450,0.032110,0.033293
19361231,10479,450,-0.020000,0.002066
19370130,10479,450,-0.034325,0.032524
19370227,10479,450,-0.027251,0.013041
19370331,10479,450,-0.042631,-0.003535
19370430,10479,450,-0.053985,-0.074236
19370528,10479,450,-0.010870,-0.008563
19370630,10479,450,0.021978,-0.041592
19370731,10479,450,-0.024457,0.088881
19370831,10479,450,-0.030641,-0.048620
19370930,10479,450,-0.155172,-0.135401
19371030,10479,450,-0.093103,-0.094675
19371130,10479,450,-0.136882,-0.083731
19371231,10479,450,-0.110132,-0.040104
19380131,10479,450,0.101010,0.007625
19380228,10479,450,0.022936,0.057866
19380331,10479,450,-0.121076,-0.237131
19380430,10479,450,0.091146,0.145642
19380531,10479,450,-0.150358,-0.039230
19380630,10479,450,0.213483,0.236062
19380730,10479,450,0.037383,0.071869
19380831,10479,450,-0.139640,-0.027202
19380930,10479,450,-0.057592,0.008559
19381031,10479,450,0.200000,0.077848
19381130,10479,450,-0.115741,-0.018317
19381231,10479,450,-0.099476,0.041013
19390131,10479,450,-0.069767,-0.059613
19390228,10479,450,0.056250,0.034935
19390331,10479,450,-0.153846,-0.119241
19390429,10479,450,0.062937,-0.002334
19390531,10479,450,-0.039474,0.068729
19390630,10479,450,-0.082192,-0.052833
19390731,10479,450,0.011194,0.101761
19390831,10479,450,-0.062731,-0.066110
19390930,10479,450,0.669291,0.159628
19391031,10479,450,-0.113208,-0.003843
19391130,10479,450,-0.191489,-0.036778
19391230,10479,450,0.026316,0.030342
19400131,10479,450,0.025641,-0.024020
19400229,10479,450,0.075000,0.013664
19400330,10479,450,-0.075581,0.018939
19400430,10479,450,0.088050,0.001196
19400531,10479,450,-0.352601,-0.220314
19400629,10479,450,0.017857,0.066664
19400731,10479,450,-0.030702,0.032230
19400831,10479,450,-0.018100,0.023962
19400930,10479,450,-0.004608,0.023028
19401031,10479,450,0.037037,0.029705
19401130,10479,450,0.026786,-0.016348
19401231,10479,450,0.034783,0.006811
19410131,10479,450,-0.016807,-0.040505
19410228,10479,450,0.079646,-0.014839
19410331,10479,450,0.155738,0.009599
19410430,10479,450,-0.148936,-0.053065
19410531,10479,450,0.000000,0.013858
19410630,10479,450,0.091667,0.058683
19410731,10479,450,0.206107,0.059519
19410830,10479,450,-0.050633,-0.000463
19410930,10479,450,0.146667,-0.007494
19411031,10479,450,-0.116279,-0.051786
19411129,10479,450,-0.032895,-0.019367
19411231,10479,450,0.149660,-0.046728
19420131,10479,450,0.053254,0.007158
19420228,10479,450,-0.132716,-0.024149
19420331,10479,450,-0.096085,-0.065655
19420430,10479,450,0.055118,-0.043145
19420529,10479,450,0.029851,0.061047
19420630,10479,450,-0.086957,0.025482
19420731,10479,450,0.071429,0.034877
19420831,10479,450,0.000000,0.018656
19420930,10479,450,0.081481,0.026300
19421031,10479,450,0.095890,0.067688
19421130,10479,450,-0.037500,0.002500
19421231,10479,450,0.012987,0.050416
19430130,10479,450,0.080128,0.073303
19430227,10479,450,0.099042,0.059920
19430331,10479,450,0.209302,0.062077
19430430,10479,450,-0.019231,0.006903
19430529,10479,450,0.235294,0.057158
19430630,10479,450,-0.063492,0.016911
19430731,10479,450,-0.084746,-0.046205
19430831,10479,450,0.023148,0.012986
19430930,10479,450,0.024887,0.024527
19431030,10479,450,-0.004415,-0.012218
19431130,10479,450,-0.050998,-0.058529
19431231,10479,450,0.186916,0.063623
19440131,10479,450,-0.007874,0.018072
19440229,10479,450,0.042373,0.003686
19440331,10479,450,0.130081,0.024417
19440429,10479,450,0.086331,-0.016341
19440531,10479,450,0.099338,0.050955
19440630,10479,450,0.079819,0.056171
19440731,10479,450,-0.001395,-0.015151
19440831,10479,450,0.094972,0.015927
19440930,10479,450,0.010204,0.000191
19441031,10479,450,-0.040404,0.002504
19441130,10479,450,0.026316,0.016456
19441230,10479,450,0.143590,0.041224
19450131,10479,450,-0.058296,0.019194
19450228,10479,450,0.017677,0.064282
19450331,10479,450,-0.039702,-0.038728
19450430,10479,450,-0.005168,0.077474
19450531,10479,450,0.018182,0.018630
19450630,10479,450,-0.010204,0.003422
19450731,10479,450,-0.046392,-0.022095
19450831,10479,450,0.005405,0.061123
19450929,10479,450,0.032258,0.048051
19451031,10479,450,0.062500,0.039018
19451130,10479,450,0.156863,0.054546
19451231,10479,450,-0.112288,0.011763
19460131,10479,450,0.140811,0.063309
19460228,10479,450,-0.108225,-0.057852
19460330,10479,450,0.058252,0.058716
19460430,10479,450,-0.013761,0.042899
19460531,10479,450,0.004651,0.039864
19460628,10479,450,-0.018519,-0.039140
19460731,10479,450,-0.057783,-0.025465
19460830,10479,450,-0.038798,-0.063922
19460930,10479,450,-0.125000,-0.100202
19461031,10479,450,-0.071429,-0.014164
19461130,10479,450,0.025641,0.001200
19461231,10479,450,0.175000,0.050925
19470131,10479,450,-0.015957,0.015128
19470228,10479,450,-0.017143,-0.011577
19470331,10479,450,-0.023256,-0.017058
19470430,10479,450,-0.026786,-0.047868
19470529,10479,450,-0.119266,-0.009997
19470630,10479,450,0.055556,0.053652
19470731,10479,450,0.016447,0.041240
19470829,10479,450,0.035599,-0.017509
19470930,10479,450,0.037500,-0.004419
19471031,10479,450,0.018072,0.024614
19471129,10479,450,0.039941,-0.018306
19471231,10479,450,0.012802,0.030189
19480131,10479,450,-0.104938,-0.037266
19480228,10479,450,0.006897,-0.043439
19480331,10479,450,0.075342,0.082763
19480430,10479,450,-0.031847,0.037775
19480528,10479,450,0.029605,0.074581
19480630,10479,450,-0.003195,-0.000177
19480730,10479,450,-0.025641,-0.050421
19480831,10479,450,0.019737,0.003854
19480930,10479,450,-0.035484,-0.029544
19481030,10479,450,0.046823,0.060056
19481130,10479,450,-0.041534,-0.090626
19481231,10479,450,0.043333,0.032202
19490131,10479,450,-0.022364,0.003043
19490228,10479,450,-0.065693,-0.029464
19490331,10479,450,0.136719,0.041521
19490430,10479,450,-0.065292,-0.017866
19490531,10479,450,0.044118,-0.027440
19490630,10479,450,-0.021127,0.003093
19490729,10479,450,0.046763,0.055845
19490831,10479,450,0.072165,0.026592
19490930,10479,450,0.000000,0.031831
19491031,10479,450,0.032051,0.031224
19491130,10479,450,0.071429,0.018842
19491231,10479,450,0.026087,0.052102
19500131,10479,450,-0.002825,0.017283
19500228,10479,450,0.090343,0.014635
19500331,10479,450,0.074286,0.012198
19500429,10479,450,0.010638,0.040257
19500531,10479,450,0.052632,0.043689
19500630,10479,450,-0.060000,-0.057935
19500731,10479,450,0.086957,0.016118
19500831,10479,450,0.175000,0.050699
19500929,10479,450,-0.008889,0.048804
19501031,10479,450,-0.013453,-0.001109
19501130,10479,450,0.070455,0.028518
19501230,10479,450,0.057325,0.057703
19510131,10479,450,0.060669,0.058239
19510228,10479,450,0.071006,0.014434
19510331,10479,450,-0.068140,-0.020949
19510430,10479,450,0.129555,0.049613
19510531,10479,450,0.057348,-0.022624
19510629,10479,450,-0.105085,-0.025324
19510731,10479,450,0.038760,0.071166
19510831,10479,450,0.037313,0.045082
19510928,10479,450,-0.003676,0.009177
19511031,10479,450,-0.025830,-0.022397
19511130,10479,450,-0.090909,0.005923
19511231,10479,450,0.016667,0.034898
19520131,10479,450,-0.020833,0.016906
19520229,10479,450,0.004255,-0.024983
19520331,10479,450,0.014831,0.045586
19520430,10479,450,-0.019108,-0.048900
19520529,10479,450,-0.025974,0.032874
19520630,10479,450,0.048889,0.039283
19520731,10479,450,0.008621,0.011482
19520829,10479,450,0.008547,-0.006584
19520930,10479,450,-0.065678,-0.018991
19521031,10479,450,-0.039261,-0.005456
19521128,10479,450,0.057692,0.058795
19521231,10479,450,-0.031818,0.031210
19530130,10479,450,0.026316,-0.001342
19530227,10479,450,0.002331,-0.001711
19530331,10479,450,0.041860,-0.013417
19530430,10479,450,0.013636,-0.027474
19530529,10479,450,-0.013453,0.007141
19530630,10479,450,-0.045455,-0.016655
19530731,10479,450,-0.002427,0.025329
19530831,10479,450,-0.007299,-0.044092
19530930,10479,450,-0.009804,0.003053
19531030,10479,450,0.005051,0.047090
19531130,10479,450,0.015075,0.028267
19531231,10479,450,0.014851,0.000768
19540129,10479,450,0.074627,0.052460
19540226,10479,450,0.018519,0.017482
19540331,10479,450,0.036364,0.037251
19540430,10479,450,-0.004464,0.042851
19540528,10479,450,0.022422,0.031569
19540630,10479,450,-0.004386,0.011477
19540730,10479,450,0.103139,0.050368
19540831,10479,450,0.028455,-0.022516
19540930,10479,450,0.023715,0.064304
19541029,10479,450,-0.027451,-0.016211
19541130,10479,450,0.096774,0.095289
19541231,10479,450,0.051471,0.055263
19550131,10479,450,-0.005357,0.006994
19550228,10479,450,0.014363,0.031280
19550331,10479,450,0.132743,-0.001122
19550429,10479,450,0.000000,0.032281
19550531,10479,450,0.009494,0.011856
19550630,10479,450,0.021944,0.065800
19550729,10479,450,-0.031056,0.020283
19550831,10479,450,0.134615,0.004250
19550930,10479,450,-0.022599,-0.002034
19551031,10479,450,0.071848,-0.025728
19551130,10479,450,0.071135,0.071558
19551230,10479,450,-0.006386,0.016437
19560131,10479,450,-0.040789,-0.027987
19560229,10479,450,-0.023320,0.039532
19560329,10479,450,0.160112,0.068175
19560430,10479,450,-0.039216,0.005093
19560531,10479,450,-0.040816,-0.049186
19560629,10479,450,-0.029255,0.037157
19560731,10479,450,0.061111,0.050753
19560831,10479,450,0.031414,-0.030342
19560928,10479,450,-0.043147,-0.049677
19561031,10479,450,0.072581,0.007221
19561130,10479,450,0.082707,0.004611
19561231,10479,450,0.002315,0.034934
19570131,10479,450,0.149289,-0.032051
19570228,10479,450,0.006186,-0.018698
19570329,10479,450,-0.012295,0.024087
19570430,10479,450,0.075630,0.045059
19570531,10479,1800,0.007813,0.036599
19570628,10479,1800,0.000000,-0.005107
19570731,10479,1800,-0.062745,0.008920
19570830,10479,1800,-0.004184,-0.050003
19570930,10479,1800,-0.100840,-0.057622
19571031,10479,1800,-0.104265,-0.041099
19571129,10479,1800,0.193122,0.025457
19571231,10479,1800,-0.041242,-0.037450
19580131,10479,1800,0.018868,0.049905
19580228,10479,1800,0.087963,-0.014125
19580331,10479,1800,-0.024681,0.033787
19580430,10479,1800,0.022321,0.030773
19580529,10479,1800,0.056769,0.024569
19580630,10479,1800,-0.023967,0.029507
19580731,10479,1800,0.128755,0.044915
19580829,10479,1800,0.003802,0.019090
19580930,10479,1800,0.019697,0.048638
19581031,10479,1800,-0.026316,0.027500
19581128,10479,1800,0.057915,0.030526
19581231,10479,1800,0.004380,0.052872
19590130,10479,1800,-0.003676,0.009199
19590227,10479,1800,0.188192,0.011294
19590331,10479,1800,-0.018634,0.004509
19590430,10479,1800,-0.074675,0.037947
19590529,10479,1800,-0.070175,0.019499
19590630,10479,1800,-0.048302,0.000564
19590731,10479,1800,-0.040161,0.034193
19590831,10479,1800,0.004184,-0.012437
19590930,10479,1800,0.013333,-0.044885
19591030,10479,1800,-0.050000,0.015682
19591130,10479,1800,-0.035088,0.018454
19591231,10479,1800,0.019091,0.028015
19600129,10479,1800,0.061086,-0.066354
19600229,10479,1800,0.040512,0.014202
19600331,10479,1800,-0.038525,-0.012847
19600429,10479,1800,-0.113537,-0.015330
19600531,10479,1800,0.044335,0.033982
19600630,10479,1800,0.019811,0.023039
19600729,10479,1800,0.093897,-0.022708
19600831,10479,1800,-0.034335,0.032258
19600930,10479,1800,-0.039111,-0.058620
19601031,10479,1800,0.051643,-0.004797
19601130,10479,1800,0.035714,0.048489
19601230,10479,1800,0.009483,0.048457
19610131,10479,1800,0.138528,0.063879
19610228,10479,1800,0.057034,0.036972
19610330,10479,1800,-0.009353,0.030583
19610428,10479,1800,-0.036900,0.005664
19610531,10479,1800,0.076628,0.025810
19610630,10479,1800,-0.017082,-0.028499
19610731,10479,1800,-0.047619,0.029924
19610831,10479,1800,0.023077,0.026883
19610929,10479,1800,-0.010526,-0.019992
19611031,10479,1800,-0.007692,0.027435
19611130,10479,1800,0.131783,0.045381
19611229,10479,1800,-0.030137,0.000746
19620131,10479,1800,0.064286,-0.036179
19620228,10479,1800,0.100671,0.019502
19620330,10479,1800,-0.062805,-0.004669
19620430,10479,1800,-0.023102,-0.063452
19620531,10479,1800,-0.074324,-0.084680
19620629,10479,1800,0.022628,-0.082632
19620731,10479,1800,0.039711,0.065504
19620831,10479,1800,0.055556,0.023414
19620928,10479,1800,0.017105,-0.050154
19621031,10479,1800,-0.032680,0.002184
19621130,10479,1800,0.010135,0.110137
19621231,10479,1800,0.080936,0.011865
19630131,10479,1800,0.171875,0.051848
19630228,10479,1800,0.104000,-0.021931
19630329,10479,1800,-0.003382,0.032917
19630430,10479,1800,0.036855,0.047439
19630531,10479,3600,-0.033175,0.020051
19630628,10479,3600,0.052941,-0.018030
19630731,10479,3600,0.014085,-0.001718
19630830,10479,3600,-0.004630,0.052684
19630930,10479,3600,-0.005581,-0.011898
19631031,10479,3600,0.037736,0.027708
19631129,10479,3600,-0.018182,-0.005549
19631231,10479,3695,-0.112037,0.021736
19640131,10479,3695,0.000000,0.025790
19640228,10479,3695,0.031579,0.017207
19640331,10479,3695,-0.087755,0.017636
19640430,10479,3695,-0.005682,0.004608
19640528,10479,3695,-0.085714,0.017403
19640630,10479,3695,-0.056250,0.015080
19640731,10479,3695,0.060403,0.020118
19640831,10479,3695,-0.082278,-0.011266
19640930,10479,3695,0.055172,0.030480
19641030,10479,3695,0.006623,0.008869
19641130,10479,3695,0.078947,0.003089
19641231,10479,3638,-0.030488,0.003690
19650129,10479,3638,0.076433,0.038646
19650226,10479,3638,-0.023669,0.006947
19650331,10479,3638,0.018182,-0.009715
19650430,10479,3638,0.066265,0.033652
19650528,10479,3638,-0.028249,-0.004350
19650630,10479,3638,-0.029070,-0.051868
19650730,10479,3638,0.206061,0.016759
19650831,10479,3638,0.020101,0.030883
19650930,10479,3638,0.061084,0.031952
19651029,10479,3638,0.093897,0.029271
19651130,10479,3638,-0.008584,0.003065
19651231,10479,3586,0.049351,0.013545
19660131,10479,3586,0.104167,0.012122
19660228,10479,3586,-0.086792,-0.008621
19660331,10479,3586,0.098347,-0.020923
19660429,10479,3586,-0.087452,0.024837
19660531,10479,3586,-0.066667,-0.052539
19660630,10479,3586,-0.005357,-0.010317
19660729,10479,3586,-0.031818,-0.012870
19660831,10479,3586,-0.103286,-0.075388
19660930,10479,3586,0.014660,-0.006958
19661031,10479,3586,-0.020942,0.042294
19661130,10479,3586,0.016043,0.017516
19661230,10479,3537,0.009474,0.006210
19670131,10479,3537,0.137566,0.085530
19670228,10479,3537,0.079070,0.010945
19670331,10479,3537,0.005172,0.043384
19670428,10479,3537,0.030435,0.041609
19670531,10479,3537,0.012658,-0.039293
19670630,10479,3537,0.088333,0.026903
19670731,10479,3537,0.073643,0.049189
19670831,10479,3537,-0.014440,-0.006282
19670929,10479,3537,0.000733,0.034286
19671031,10479,3537,-0.100000,-0.027433
19671130,10479,3537,-0.037037,0.007902
19671229,10479,3540,0.047863,0.033699
19680131,10479,3540,0.049587,-0.036330
19680229,10479,3540,0.019685,-0.033624
19680329,10479,3540,-0.091892,0.005116
19680430,10479,3540,-0.021552,0.094148
19680531,10479,3540,0.132159,0.027041
19680628,10479,3540,-0.038132,0.011527
19680730,10479,3540,-0.053279,-0.022024
19680830,10479,3540,0.082251,0.018038
19680930,10479,3540,0.020800,0.044454
19681031,10479,3540,-0.039683,0.009041
19681129,10479,3540,0.028926,0.058502
19681231,10479,3544,0.053012,-0.033873
19690131,10479,3544,-0.015444,-0.006711
19690228,10479,3544,-0.050980,-0.053640
19690328,10479,3544,0.004959,0.030506
19690430,10479,3544,0.004167,0.020526
19690529,10479,3544,-0.020747,0.005040
19690630,10479,3544,-0.066949,-0.067387
19690731,10479,3544,-0.064516,-0.065172
19690829,10479,3544,0.004926,0.051490
19690930,10479,3544,-0.013725,-0.022590
19691031,10479,3544,0.101010,0.055638
19691128,10479,3544,-0.082569,-0.032164
19691231,10479,3548,-0.059000,-0.019681
19700130,10479,3548,0.027027,-0.073254
19700227,10479,3548,0.010526,0.056706
19700331,10479,3548,0.110417,-0.004729
19700430,10479,3548,-0.014286,-0.105318
19700529,10479,3548,-0.062802,-0.064346
19700630,10479,3548,-0.055670,-0.051075
19700731,10479,3548,0.100000,0.074169
19700831,10479,3548,0.186869,0.050036
19700930,10479,3548,0.064681,0.047536
19701030,10479,3548,0.068826,-0.018208
19701130,10479,3548,0.143939,0.050448
19701231,10479,3543,-0.058278,0.060723
19710129,10479,3543,0.096085,0.052030
19710226,10479,3543,-0.045455,0.016913
19710331,10479,3543,0.157823,0.044778
19710430,10479,3543,-0.011869,0.033332
19710528,10479,3543,-0.102102,-0.036409
19710630,10479,3543,0.068227,0.003119
19710730,10479,3543,-0.050633,-0.040283
19710831,10479,3543,0.003333,0.042511
19710930,10479,3543,-0.041860,-0.005016
19711029,10479,3543,-0.017544,-0.040682
19711130,10479,3543,-0.039286,-0.001262
19711231,10479,3742,0.027509,0.091257
19720131,10479,3742,-0.003663,0.028383
19720229,10479,3742,0.040441,0.031349
19720330,10479,3742,-0.065724,0.008722
19720428,10479,3742,-0.030651,0.005505
19720531,10479,3742,0.007905,0.016375
19720630,10479,3742,-0.025882,-0.020896
19720731,10479,3742,0.040816,-0.004254
19720831,10479,3742,-0.043137,0.035966
19720929,10479,3742,-0.027049,-0.007671
19721031,10479,3742,-0.029915,0.008676
19721130,10479,3742,0.092511,0.049764
19721229,10479,3805,-0.083065,0.011243
19730131,10479,3805,-0.013393,-0.027576
19730228,10479,3805,-0.049774,-0.044487
19730330,10479,3805,-0.026667,-0.007937
19730430,10479,3805,-0.004975,-0.051781
19730531,10479,3805,-0.015000,-0.024507
19730629,10479,3805,-0.053807,-0.008684
19730731,10479,3805,0.005464,0.057102
19730831,10479,3805,0.029348,-0.029657
19730928,10479,3805,0.059140,0.054007
19731031,10479,3805,0.060914,-0.000301
19731130,10479,3805,-0.151196,-0.120832
19731231,10479,3805,0.068966,0.011404
19740131,10479,3805,0.161290,0.004425
19740228,10479,3805,0.134259,0.002343
19740329,10479,3805,-0.013878,-0.023367
19740430,10479,3805,-0.134454,-0.045956
19740531,10479,3805,0.017476,-0.041982
19740628,10479,3805,0.029126,-0.022942
19740731,10479,3805,0.009434,-0.070879
19740830,10479,3805,0.136449,-0.087756
19740930,10479,3805,-0.050209,-0.109718
19741031,10479,3805,0.118943,0.165585
19741129,10479,3805,-0.165354,-0.041047
19741231,10479,3805,-0.022642,-0.027005
19750131,10479,3805,0.128079,0.141600
19750228,10479,3896,0.039301,0.058411
19750331,10479,3896,-0.017647,0.030191
19750430,10479,3896,0.048035,0.046497
19750530,10479,3931,-0.025833,0.055140
19750630,10479,3931,-0.008734,0.051473
19750731,10479,3931,0.061674,-0.060385
19750829,10479,3931,-0.012448,-0.023557
19750930,10479,3931,0.129412,-0.038010
19751031,10479,3931,0.075758,0.055857
19751128,10479,3931,0.021127,0.031223
19751231,10479,3931,0.033793,-0.010998
19760130,10479,3931,0.138983,0.126011
19760227,10479,3931,-0.041667,0.007314
19760331,10479,3931,0.014907,0.026799
19760430,10479,3931,0.046584,-0.010389
19760528,10479,3931,0.130564,-0.009369
19760630,10479,3931,-0.009449,0.044487
19760730,10479,3931,-0.002688,-0.006158
19760831,10479,4376,-0.110512,-0.001434
19760930,10479,4376,0.034545,0.024484
19761029,10479,4376,-0.050595,-0.020372
19761130,10479,8752,0.053292,0.005364
19761231,10479,8752,0.123214,0.061591
19770131,10479,8752,0.059140,-0.036337
19770228,10479,8752,0.015228,-0.015760
19770331,10479,8828,-0.006500,-0.009246
19770429,10479,8828,-0.091837,0.004952
19770531,10479,8828,-0.067416,-0.010785
19770630,10479,8865,-0.037952,0.051367
19770729,10479,8865,0.076433,-0.012810
19770831,10479,8865,0.005917,-0.013352
19770930,10479,8865,-0.019412,0.001574
19771031,10479,8865,-0.042683,-0.039280
19771130,10479,8865,0.012739,0.045432
19771230,10479,8865,-0.052201,0.008218
19780131,10479,8865,0.000000,-0.055202
19780228,10479,8865,-0.020270,-0.009275
19780331,10479,8865,-0.029655,0.034013
19780428,10479,8865,-0.021739,0.082841
19780531,10479,8865,0.044444,0.023238
19780630,10479,8890,-0.030496,-0.010751
19780731,10479,8890,-0.044776,0.056749
19780831,10479,8890,0.169531,0.042352
19780929,10479,8890,-0.040816,-0.006891
19781031,10479,8890,-0.141844,-0.110997
19781130,10479,8901,-0.033058,0.033792
19781229,10479,8901,0.117094,0.017710
19790131,10479,8901,-0.070313,0.049489
19790228,10479,8901,0.067227,-0.026766
19790330,10479,8918,0.139370,0.065618
19790430,10479,8918,0.154930,0.008522
19790531,10479,8918,-0.048780,-0.013576
19790629,10479,8930,-0.027564,0.046850
19790731,10479,8930,0.046980,0.014991
19790831,10479,8930,0.042949,0.064728
19790928,10479,8930,0.175000,0.001428
19791031,10479,8930,-0.228723,-0.072660
19791130,10479,8933,0.163448,0.063603
19791231,10479,8933,-0.054217,0.028212
19800131,10479,8933,0.184713,0.065607
19800229,10479,8933,-0.112903,0.001015
19800331,10479,8939,-0.220000,-0.120224
19800430,10479,8939,0.174603,0.052288
19800530,10479,8939,0.207432,0.060090
19800630,10479,8951,0.068182,0.037714
19800731,10479,8951,0.053191,0.069438
19800829,10479,8951,0.090909,0.023553
19800930,10479,8951,0.035648,0.029495
19801031,10479,8951,0.040724,0.020079
19801128,10479,8951,-0.060870,0.104920
19801231,10479,8967,-0.114815,-0.034407
19810130,10479,8967,0.127660,-0.040108
19810227,10479,8967,-0.089623,0.015523
19810331,10479,8985,0.078756,0.046184
19810430,10479,8985,0.009756,-0.011257
19810529,10479,8985,0.101449,0.013553
19810630,10479,9028,-0.078070,-0.010229
19810731,10479,9028,-0.082126,-0.003073
19810831,10479,9028,-0.063158,-0.056279
19810930,10479,9028,-0.088764,-0.063767
19811030,10479,9028,0.314465,0.060177
19811130,10479,9028,-0.009569,0.045850
19811231,10479,9032,0.018357,-0.028096
19820129,10479,9032,-0.053140,-0.026207
19820226,10479,9032,-0.010204,-0.051125
19820331,10479,9032,0.045361,-0.010094
19820430,10479,9032,-0.085427,0.043267
19820528,10479,9032,-0.010989,-0.028212
19820630,10479,9067,0.021111,-0.023912
19820730,10479,9067,-0.027778,-0.020526
19820831,10479,9067,0.022857,0.119013
19820930,10479,9067,-0.006704,0.016761
19821029,10479,9067,0.149425,0.118636
19821130,10479,9067,0.030000,0.051935
19821231,10479,9103,-0.005825,0.014516
19830131,10479,9103,-0.024876,0.041850
19830228,10479,9103,-0.056122,0.030218
19830331,10479,9106,0.128649,0.034673
19830429,10479,9106,0.063415,0.074188
19830531,10479,9106,0.077982,0.013224
19830630,10479,9109,0.097021,0.037837
19830729,10479,9109,-0.023622,-0.031567
19830831,10479,9109,0.048387,0.003464
19830930,10479,9109,0.430000,0.016059
19831031,10479,9109,0.032609,-0.028049
19831130,10479,9109,-0.034211,0.029556
19831230,10479,9172,0.010354,-0.010464
19840131,10479,9172,0.016349,-0.013023
19840229,10479,9172,,-0.039073
19870731,75114,,,0.044248
19870930,75114,5963,0.024691,-0.020774
19871030,75114,5963,-0.108434,-0.225363
19871130,75114,5963,-0.027027,-0.072273
19871231,75114,6900,0.265000,0.070327
19880129,75114,6900,0.034483,0.044880
19880229,75114,6900,0.033333,0.051695
19880331,75114,13400,0.027957,-0.016598
19880429,75114,13400,0.032609,0.010991
19880531,75114,13400,-0.031579,0.000448
19880630,75114,13400,-0.015217,0.051460
19880729,75114,13400,-0.045977,-0.007272
19880831,75114,13400,0.024096,-0.028006
19880930,75114,14326,-0.080000,0.037202
19881031,75114,14326,0.053333,0.017637
19881130,75114,14326,-0.025823,-0.016412
19881230,75114,14326,-0.118947,0.021075
19890131,75114,14326,-0.233939,0.066103
19890228,75114,14326,-0.292000,-0.016446
19890331,75114,14326,-0.188571,0.021465
19890428,75114,14326,0.115714,0.048204
19890531,75114,14326,0.040000,0.039338
19890630,75114,14326,0.038750,-0.004866
19890731,75114,14326,-0.053333,0.077131
19890831,75114,14326,0.265806,0.022127
19890929,75114,14326,0.033846,-0.001474
19891031,75114,14326,-0.142000,-0.029281
19891130,75114,14326,0.097647,0.017815
19891229,75114,14326,-0.153514,0.018295
19900131,75114,14326,-0.019355,-0.070115
19900228,75114,14326,-0.120000,0.014901
19900330,75114,14326,0.015385,0.024140
19900430,75114,14326,-0.023077,-0.028286
19900531,75114,14326,0.259200,0.088936
19900629,75114,14326,-0.049032,-0.004196
19900731,75114,14326,0.103448,-0.009405
19900831,75114,14326,0.093750,-0.091896
19900928,75114,14533,-0.006857,-0.053843
19901031,75114,14533,0.060606,-0.012504
19901130,75114,14533,0.085714,0.065744
19901231,75114,14540,0.112632,0.029513
19910131,75114,14540,0.128205,0.049078
19910228,75114,14540,0.204545,0.075847
19910328,75114,14540,0.166038,0.028923
19910430,75114,14540,0.016949,0.003322
19910531,75114,14540,0.183333,0.040732
19910628,75114,14540,-0.073239,-0.044029
19910731,75114,14540,0.063492,0.046795
19910830,75114,14540,0.044776,0.026819
19910930,75114,14604,-0.014857,-0.010975
19911031,75114,14604,0.060606,0.017789
19911129,75114,16204,-0.014286,-0.037275
19911231,75114,16455,-0.131014,0.106778
19920131,75114,16455,-0.017544,-0.001182
19920228,75114,16455,0.017857,0.013354
19920331,75114,16455,-0.157895,-0.023700
19920430,75114,16455,0.108696,0.013419
19920529,75114,16455,-0.039216,0.006439
19920630,75114,16244,-0.253061,-0.019287
19920731,75114,16244,-0.114286,0.039900
19920831,75114,16244,-0.193548,-0.020822
19920930,75114,16221,-0.100000,0.012449
19921030,75114,16221,0.000000,0.010986
19921130,75114,16221,0.066667,0.040193
19921231,75114,15726,-0.125000,0.017773
19930129,75114,15726,0.119048,0.012643
19930226,75114,15726,-0.255319,0.005402
19930331,75114,15726,0.000000,0.025075
19930430,75114,15726,-0.200000,-0.025400
19930528,75114,15726,-0.035714,0.029598
19930630,75114,15527,-0.185185,0.005440
19930730,75114,15527,0.136364,-0.000795
19930831,75114,15527,0.072000,0.039478
19930930,75114,15500,0.000000,0.000641
19931029,75114,15500,0.230769,0.018065
19931130,75114,15500,-0.125000,-0.017606
19931231,75114,15500,0.138571,0.019513
19940131,75114,15500,-0.068966,0.031467
19940228,75114,15500,0.000000,-0.024218
19940331,75114,15500,-0.111111,-0.045797
19940429,75114,15500,0.125000,0.009476
19940531,75114,15500,0.185185,0.009359
19940630,75114,15500,0.218750,-0.027909
19940729,75114,15500,0.025641,0.030632
19940831,75114,15500,-0.150000,0.042598
19940930,75114,15500,-0.029412,-0.018364
19941031,75114,15500,0.030303,0.014520
19941130,75114,15500,0.294118,-0.037218
19941230,75114,15500,-0.190909,0.012608
19950131,75114,15500,0.235294,0.020400
19950228,75114,15500,0.142857,0.039613
19950331,75114,15500,0.179167,0.027041
19950428,75114,15500,0.054545,0.025048
19950531,75114,15500,0.000000,0.034007
19950630,75114,15500,0.027586,0.031173
19950731,75114,3100,0.103448,0.040783
19950831,75114,3150,-0.100000,0.009306
19950929,75114,3150,0.027778,0.036362
19951031,75114,3150,-0.013889,-0.011318
19951130,75114,3154,-0.077465,0.042705
19951229,75114,3154,0.000000,0.015190
19960131,75114,3154,0.039370,0.028146
19960229,75114,3154,0.022727,0.016309
19960329,75114,3154,0.029630,0.010929
19960430,75114,3154,0.051852,0.025509
19960531,75114,3154,-0.007042,0.026800
19960628,75114,3154,0.042553,-0.008299
19960731,75114,3154,0.027972,-0.053819
19960830,75114,3154,0.040816,0.032464
19960930,75114,3154,0.039216,0.053014
19961031,75114,3154,0.025806,0.013632
19961129,75114,3159,0.062893,0.065501
19961231,75114,3159,-0.005917,-0.011358
19970131,75114,3159,0.103659,0.053449
19970228,75114,3159,0.011050,-0.001144
19970331,75114,3159,-0.081967,-0.044820
19970430,75114,3159,0.000000,0.042303
19970530,75114,4437,0.109756,0.071624
19970630,75114,4437,0.021978,0.044145
19970731,75114,4438,0.010989,0.076503
19970829,75114,4438,0.021739,-0.036267
19970930,75114,4997,0.023936,0.058433
19971031,75114,4997,-0.050398,-0.034528
19971128,75114,4990,-0.044693,0.030458
19971231,75114,4990,0.023392,0.017771
19980130,75114,4990,-0.002924,0.004529
19980227,75114,4990,0.038123,0.073230
19980331,75114,4990,,0.051322
20000831,88593,,,0.075811
20001031,88593,22174,-0.020576,-0.024564
20001130,88593,22174,-0.033613,-0.102546
20001229,88593,22174,0.156522,0.020346
20010131,88593,22174,0.082707,0.039533
20010228,88593,22174,0.007222,-0.099267
20010330,88593,22174,0.067843,-0.070290
20010430,88593,22174,-0.062500,0.083904
20010531,88593,21185,0.024793,0.010561
20010629,88593,21185,0.005376,-0.017481
20010731,88593,21185,-0.037433,-0.018321
20010831,88593,21362,-0.083333,-0.059080
20010928,88593,21362,-0.430303,-0.091540
20011031,88593,21362,0.308511,0.027967
20011130,88593,21362,0.036585,0.078734
20011231,88593,21362,0.207843,0.017841
20020131,88593,20923,-0.064935,-0.016060
20020228,88593,20923,-0.079861,-0.021705
20020328,88593,20923,0.139623,0.044693
20020430,88593,20869,0.119205,-0.049649
20020531,88593,20869,-0.011071,-0.010458
20020628,88593,20869,-0.151316,-0.070243
20020731,88593,20973,0.015504,-0.081137
20020830,88593,20973,-0.077099,0.007984
20020930,88593,20973,-0.090157,-0.099975
20021031,88593,20973,0.000909,0.074958
20021129,88593,21049,-0.039055,0.061276
20021231,88593,21049,0.110586,-0.053309
20030131,88593,21077,-0.095319,-0.023430
20030228,88593,21077,-0.045155,-0.015408
20030331,88593,21077,0.098522,0.010333
20030430,88593,21225,0.148879,0.082797
20030530,88593,21225,0.105230,0.063507
20030630,88593,21225,0.069444,0.016332
20030731,88593,21225,0.028025,0.023130
20030829,88593,21206,-0.011303,0.024908
20030930,88593,21206,-0.011432,-0.009102
20031031,88593,21206,0.175510,0.060331
20031128,88593,21188,-0.053819,0.016607
20031231,88593,21188,0.076453,0.045532
20040130,88593,21131,0.099432,0.023064
20040227,88593,21131,0.134367,0.015467
20040331,88593,21131,-0.050114,-0.010685
20040430,88593,21131,-0.062350,-0.024230
20040528,88593,21131,-0.034783,0.014127
20040630,88593,20747,0.006232,0.021563
20040730,88593,20747,0.151351,-0.037681
20040831,88593,20747,-0.004695,0.002714
20040930,88593,20747,0.042453,0.020555
20041029,88593,20885,0.036652,0.017810
20041130,88593,20885,0.209952,0.048243
20041231,88593,20885,-0.013348,0.035180
20050131,88593,20738,-0.027057,-0.026557
20050228,88593,20738,0.196543,0.022695
20050331,88593,20738,-0.119033,-0.016937
20050429,88593,20738,0.053832,-0.025182
20050531,88593,20575,0.033904,0.037916
20050630,88593,20575,0.061667,0.011531
20050729,88593,21512,0.078807,0.043331
20050831,88593,21512,0.079744,-0.005943
20050930,88593,21512,0.075472,0.010609
20051031,88593,21949,-0.185464,-0.020784
20051130,88593,21949,-0.035692,0.040406
20051230,88593,21949,0.031908,0.003476
20060131,88593,22048,-0.035250,0.040112
20060228,88593,22048,0.081410,-0.001644
20060331,88593,22048,-0.010670,0.019060
20060428,88593,22327,0.161474,0.012968
20060531,88593,22327,-0.102774,-0.031042
20060630,88593,22327,-0.016974,-0.000396
20060731,88593,22466,0.008038,-0.001902
20060831,88593,22466,0.043414,0.025085
20060929,88593,22466,0.056043,0.019452
20061031,88593,22714,0.016617,0.037086
20061130,88593,22714,0.162141,0.023716
20061229,88593,22714,-0.036525,0.010823
20070131,88593,22489,0.023781,0.019438
20070228,88593,22489,0.025989,-0.013998
20070330,88593,22489,0.058507,0.012949
20070430,88593,21527,0.020754,0.039893
20070531,88593,21527,0.070436,0.038894
20070629,88593,21527,0.035167,-0.014758
20070731,88593,21527,-0.002277,-0.031753
20070831,88593,19941,-0.055735,0.011623
20070928,88593,19941,-0.000403,0.040903
20071031,88593,20514,0.201935,0.025842
20071130,88593,20514,0.006036,-0.049279
20071231,88593,20514,0.020333,-0.004342
20080131,88593,20766,-0.115322,-0.062305
20080229,88593,20766,-0.041359,-0.022040
20080331,88593,20766,0.097458,-0.010470
20080430,88593,20766,-0.016673,0.051144
20080530,88593,20344,-0.048536,0.023825
20080630,88593,20344,0.002336,-0.078625
20080731,88593,20344,-0.006602,-0.013150
20080829,88593,20344,-0.070758,0.011042
20080930,88593,19361,0.044594,-0.098060
20081031,88593,19361,-0.350785,-0.184726
20081128,88593,19808,-0.137717,-0.085206
20081231,88593,19808,0.344604,0.021482
